,Jan,Feb,Mar,Apr,May,Jun,Jul,Aug,Sep,Oct,Nov,Dec,Total_Salary_UAH
Employee1,36934.3,36934.3,36934.3,36934.3,36934.3,36934.3,36934.3,36934.3,36934.3,36934.3,36934.3,36934.3,443211.5999999999
Employee2,44321.16,44321.16,44321.16,44321.16,44321.16,44321.16,44321.16,44321.16,44321.16,44321.16,44321.16,44321.16,531853.9200000002
Employee3,55401.45,55401.45,55401.45,55401.45,55401.45,55401.45,55401.45,55401.45,55401.45,55401.45,55401.45,55401.45,664817.3999999999
